domain,task,metric,arm_a,arm_b,n_a,n_b,median_a,median_b,mannwhitney_u,p_value,cliffs_delta
order-inventory,t1,wall_seconds,arm_a_evento,arm_b_spring,1,2,1236.1594379160017,615.298249937503,2.0,0.6666666666666666,1.0
order-inventory,t1,wall_seconds,arm_a_evento,arm_c_axon,1,1,1236.1594379160017,1411.0753867080057,0.0,1.0,-1.0
order-inventory,t1,wall_seconds,arm_b_spring,arm_c_axon,2,1,615.298249937503,1411.0753867080057,0.0,0.6666666666666666,-1.0
order-inventory,t1,tokens_out,arm_a_evento,arm_b_spring,1,2,67737.0,38478.5,1.0,1.0,0.0
order-inventory,t1,tokens_out,arm_a_evento,arm_c_axon,1,1,67737.0,73938.0,0.0,1.0,-1.0
order-inventory,t1,tokens_out,arm_b_spring,arm_c_axon,2,1,38478.5,73938.0,1.0,1.0,0.0
order-inventory,t1,cost_usd,arm_a_evento,arm_b_spring,1,2,2.68802815,0.998752225,2.0,0.6666666666666666,1.0
order-inventory,t1,cost_usd,arm_a_evento,arm_c_axon,1,1,2.68802815,3.1089862000000004,0.0,1.0,-1.0
order-inventory,t1,cost_usd,arm_b_spring,arm_c_axon,2,1,0.998752225,3.1089862000000004,0.0,0.6666666666666666,-1.0
order-inventory,t1,turns,arm_a_evento,arm_b_spring,1,2,96.0,25.0,2.0,0.6666666666666666,1.0
order-inventory,t1,turns,arm_a_evento,arm_c_axon,1,1,96.0,94.0,1.0,1.0,1.0
order-inventory,t1,turns,arm_b_spring,arm_c_axon,2,1,25.0,94.0,0.0,0.6666666666666666,-1.0
order-inventory,t1,rework_iterations,arm_a_evento,arm_b_spring,1,1,1.0,0.0,1.0,1.0,1.0
order-inventory,t1,rework_iterations,arm_a_evento,arm_c_axon,1,1,1.0,5.0,0.0,1.0,-1.0
order-inventory,t1,rework_iterations,arm_b_spring,arm_c_axon,1,1,0.0,5.0,0.0,1.0,-1.0
order-inventory,t1,rework_loc,arm_a_evento,arm_b_spring,1,1,45.0,0.0,1.0,1.0,1.0
order-inventory,t1,rework_loc,arm_a_evento,arm_c_axon,1,1,45.0,9.0,1.0,1.0,1.0
order-inventory,t1,rework_loc,arm_b_spring,arm_c_axon,1,1,0.0,9.0,0.0,1.0,-1.0
order-inventory,t1,rework_ratio,arm_a_evento,arm_b_spring,1,1,0.0259,0.0,1.0,1.0,1.0
order-inventory,t1,rework_ratio,arm_a_evento,arm_c_axon,1,1,0.0259,0.0106,1.0,1.0,1.0
order-inventory,t1,rework_ratio,arm_b_spring,arm_c_axon,1,1,0.0,0.0106,0.0,1.0,-1.0
order-inventory,t1,tests_failing_at_end,arm_a_evento,arm_b_spring,1,2,0.0,8.0,0.0,0.6666666666666666,-1.0
order-inventory,t1,tests_failing_at_end,arm_a_evento,arm_c_axon,1,1,0.0,0.0,0.5,1.0,0.0
order-inventory,t1,tests_failing_at_end,arm_b_spring,arm_c_axon,2,1,8.0,0.0,2.0,0.6666666666666666,1.0
order-inventory,t1,p95_ms,arm_a_evento,arm_b_spring,1,2,10.556099999999995,13.335175,1.0,1.0,0.0
order-inventory,t1,p95_ms,arm_a_evento,arm_c_axon,1,1,10.556099999999995,4.578,1.0,1.0,1.0
order-inventory,t1,p95_ms,arm_b_spring,arm_c_axon,2,1,13.335175,4.578,2.0,0.6666666666666666,1.0
order-inventory,t1,rps,arm_a_evento,arm_b_spring,1,2,162.20672341606,160.95186668622495,1.0,1.0,0.0
order-inventory,t1,rps,arm_a_evento,arm_c_axon,1,1,162.20672341606,165.62425546438308,0.0,1.0,-1.0
order-inventory,t1,rps,arm_b_spring,arm_c_axon,2,1,160.95186668622495,165.62425546438308,0.0,0.6666666666666666,-1.0
order-inventory,t1,mem_app_mb_peak,arm_a_evento,arm_b_spring,1,2,407.5,297.55,2.0,0.6666666666666666,1.0
order-inventory,t1,mem_app_mb_peak,arm_a_evento,arm_c_axon,1,1,407.5,411.9,0.0,1.0,-1.0
order-inventory,t1,mem_app_mb_peak,arm_b_spring,arm_c_axon,2,1,297.55,411.9,0.0,0.6666666666666666,-1.0
order-inventory,t1,mem_total_stack_mb,arm_a_evento,arm_b_spring,1,2,1313.6,353.4,2.0,0.6666666666666666,1.0
order-inventory,t1,mem_total_stack_mb,arm_a_evento,arm_c_axon,1,1,1313.6,481.9,1.0,1.0,1.0
order-inventory,t1,mem_total_stack_mb,arm_b_spring,arm_c_axon,2,1,353.4,481.9,0.0,0.6666666666666666,-1.0
order-inventory,t1,acceptance_pass_rate,arm_a_evento,arm_b_spring,1,2,1.0,0.5,2.0,0.6666666666666666,1.0
order-inventory,t1,acceptance_pass_rate,arm_a_evento,arm_c_axon,1,1,1.0,1.0,0.5,1.0,0.0
order-inventory,t1,acceptance_pass_rate,arm_b_spring,arm_c_axon,2,1,0.5,1.0,0.0,0.6666666666666666,-1.0
order-inventory,t1,variant_pass_rate,arm_a_evento,arm_b_spring,1,2,1.0,0.5,1.5,1.0,0.5
order-inventory,t1,variant_pass_rate,arm_a_evento,arm_c_axon,1,1,1.0,1.0,0.5,1.0,0.0
order-inventory,t1,variant_pass_rate,arm_b_spring,arm_c_axon,2,1,0.5,1.0,0.5,1.0,-0.5
order-inventory,t1,loc_java,arm_a_evento,arm_b_spring,1,2,1723.0,360.5,2.0,0.6666666666666666,1.0
order-inventory,t1,loc_java,arm_a_evento,arm_c_axon,1,1,1723.0,841.0,1.0,1.0,1.0
order-inventory,t1,loc_java,arm_b_spring,arm_c_axon,2,1,360.5,841.0,0.0,0.6666666666666666,-1.0
order-inventory,t1,cbo_mean,arm_a_evento,arm_b_spring,1,2,4.0,4.0600000000000005,1.0,1.0,0.0
order-inventory,t1,cbo_mean,arm_a_evento,arm_c_axon,1,1,4.0,8.23,0.0,1.0,-1.0
order-inventory,t1,cbo_mean,arm_b_spring,arm_c_axon,2,1,4.0600000000000005,8.23,0.0,0.6666666666666666,-1.0
order-inventory,t1,pmd_per_kloc,arm_a_evento,arm_b_spring,1,2,36.56,10.535,2.0,0.6666666666666666,1.0
order-inventory,t1,pmd_per_kloc,arm_a_evento,arm_c_axon,1,1,36.56,14.27,1.0,1.0,1.0
order-inventory,t1,pmd_per_kloc,arm_b_spring,arm_c_axon,2,1,10.535,14.27,1.0,1.0,0.0
order-inventory,t1,conformance_violations,arm_a_evento,arm_b_spring,1,1,0.0,0.0,0.5,1.0,0.0
order-inventory,t1,conformance_violations,arm_a_evento,arm_c_axon,1,1,0.0,0.0,0.5,1.0,0.0
order-inventory,t1,conformance_violations,arm_b_spring,arm_c_axon,1,1,0.0,0.0,0.5,1.0,0.0
